date,n_overlap,mean_abs_prob_revision,max_abs_prob_revision,prob_revision_corr,classification_agreement,mean_drift_l2,transmat_drift_l1,selected_seed_prev,selected_seed_curr,selected_seed_changed
2010-01-29,1268,0.0420075,1,0.92003,0.958202,0.216393,0.00648068,52,46,True
2010-02-26,1287,5.24773e-05,0.0188843,0.999999,1,0.0293056,0.000104046,46,46,False
2010-03-31,1306,8.62411e-05,0.0297699,0.999997,1,0.0432152,0.000118353,46,44,True
2010-04-30,1329,0.182362,1,0.682673,0.817908,0.662098,0.00313205,44,51,True
2010-05-28,1350,0.000193803,0.0957669,0.999972,1,0.0411036,0.000206515,51,51,False
2010-06-30,1370,0.00023133,0.0941628,0.999972,1,0.0402108,0.000202237,51,51,False
2010-07-30,1392,8.81161e-05,0.0379755,0.999995,1,0.0417646,0.000177503,51,51,False
2010-08-31,1413,0.000229442,0.0649281,0.999977,1,0.0465034,0.000174666,51,51,False
2010-09-30,1435,0.00606602,0.987208,0.989107,0.993728,0.0615627,0.000250358,51,50,True
2010-10-29,1456,0.00180631,0.345949,0.999105,0.999313,0.0525508,0.000163189,50,51,True
2010-11-30,1477,0.00505099,0.652491,0.994718,0.993907,0.0588166,0.000202284,51,51,False
2010-12-31,1498,0.00244335,0.315642,0.9988,0.997997,0.040751,0.000117108,51,51,False
2011-01-31,1520,0.00228839,0.346886,0.998718,0.996053,0.0435444,0.000101348,51,46,True
2011-02-28,1540,0.000900192,0.16685,0.999771,0.999351,0.0354337,9.17731e-05,46,51,True
2011-03-31,1559,0.000405466,0.0840894,0.999951,1,0.0333492,0.000104526,51,51,False
2011-04-29,1582,0.000205469,0.0462305,0.999987,1,0.0369849,8.54122e-05,51,51,False
2011-05-31,1602,5.87143e-05,0.0132945,0.999999,1,0.0368401,8.44506e-05,51,46,True
2011-06-30,1623,0.000106695,0.0254082,0.999997,1,0.0299488,8.3443e-05,46,51,True
2011-07-29,1645,0.000106069,0.0272323,0.999996,1,0.0260649,7.1751e-05,51,46,True
2011-08-31,1665,6.73834e-05,0.0209232,0.999998,1,0.0290631,7.78946e-05,46,43,True
2011-09-30,1688,0.000315977,0.0838807,0.999966,1,0.0268405,7.12929e-05,43,51,True
2011-10-31,1709,0.000605978,0.137622,0.999881,1,0.0266136,7.1635e-05,51,51,False
2011-11-30,1730,0.00438701,0.701192,0.995203,0.994798,0.0384952,0.000118668,51,51,False
2011-12-30,1751,0.00319687,0.591594,0.99719,0.996002,0.0317985,0.000296946,51,51,False
2012-01-31,1772,0.00661326,0.849465,0.992523,0.992664,0.0369511,0.00402104,51,49,True
2012-02-29,1792,0.0155911,0.989971,0.975312,0.984933,0.0734864,0.00438612,49,49,False
2012-03-30,1812,0.0891559,1,0.836386,0.910044,0.355659,0.00398558,49,50,True
2012-04-30,1834,3.84011e-05,0.0279498,0.999998,1,0.016963,2.68923e-07,50,50,False
2012-05-31,1854,0.000152724,0.102327,0.999975,1,0.0180015,1.07972e-06,50,43,True
2012-06-29,1876,0.155419,1,0.731989,0.844883,0.579353,0.00576609,43,46,True
2012-07-31,1897,0.00164553,0.43668,0.998881,0.997891,0.0216074,0.000104625,46,51,True
2012-08-31,1918,4.7877e-05,0.0102758,0.999999,1,0.0185107,8.01071e-05,51,51,False
2012-09-28,1941,0.000680817,0.20439,0.99979,0.998454,0.0143776,6.59688e-05,51,46,True
2012-10-31,1960,0.000760675,0.204101,0.999764,0.99898,0.0154159,7.04281e-05,46,51,True
2012-11-30,1981,0.000285434,0.0811346,0.999969,0.999495,0.0160747,7.03018e-05,51,43,True
2012-12-31,2002,0.000353052,0.0899872,0.999955,0.9995,0.0142295,6.0236e-05,43,46,True
2013-01-31,2022,0.000598176,0.174387,0.999873,0.999011,0.0176884,6.83481e-05,46,49,True
2013-02-28,2043,0.000445333,0.126308,0.999915,1,0.014906,5.32902e-05,49,42,True
2013-03-28,2062,0.000143103,0.0475884,0.999992,1,0.0157407,5.33884e-05,42,43,True
2013-04-30,2082,7.27715e-05,0.0260614,0.999998,1,0.0159932,5.74341e-05,43,44,True
2013-05-31,2104,9.24137e-05,0.0317772,0.999996,1,0.016493,5.58312e-05,44,49,True
2013-06-28,2126,8.33953e-05,0.0232871,0.999998,1,0.0154049,5.10542e-05,49,49,False
2013-07-31,2146,0.000256922,0.0743254,0.999979,1,0.021206,5.57439e-05,49,44,True
2013-08-30,2168,0.000356997,0.0990052,0.99996,1,0.0227953,6.15081e-05,44,49,True
2013-09-30,2190,0.270169,1,0.42947,0.730137,0.816525,0.0258714,49,45,True
2013-10-31,2210,0.0137172,0.756676,0.985818,0.983258,0.0381675,0.000865619,45,53,True
2013-11-29,2233,0.023622,0.963982,0.964416,0.976265,0.0841373,0.00283277,53,48,True
2013-12-31,2253,0.000983302,0.100007,0.999921,0.999112,0.0164289,0.000189647,48,56,True
2014-01-31,2274,0.0018364,0.349872,0.998997,0.996482,0.0196724,0.000243051,56,57,True
2014-02-28,2295,0.000427593,0.0927607,0.999968,0.999564,0.0152892,0.000171939,57,47,True
2014-03-31,2314,0.00228517,0.351165,0.99895,0.996111,0.0153638,0.000107778,47,50,True
2014-04-30,2335,0.000460901,0.0430987,0.999979,0.999572,0.0140158,0.000145595,50,49,True
2014-05-30,2356,0.00131759,0.246146,0.999513,1,0.0164687,0.000221835,49,52,True
2014-06-30,2377,0.00199124,0.367491,0.998874,0.995793,0.0198513,0.000244945,52,49,True
2014-07-31,2398,0.000444924,0.0426432,0.999976,0.999583,0.0138931,0.000166441,49,45,True
2014-08-29,2420,0.000377215,0.0394374,0.999985,0.999587,0.0112159,0.000131418,45,44,True
2014-09-30,2441,0.000614064,0.0773876,0.999946,0.99959,0.0111257,0.000135833,44,45,True
2014-10-31,2462,0.000613312,0.0784305,0.999951,1,0.00629339,0.00353947,45,53,True
2014-11-28,2485,0.00156303,0.275456,0.999394,0.996781,0.00787148,7.77067e-05,53,47,True
2014-12-31,2504,0.00151406,0.258525,0.999464,0.999601,0.0100508,0.00367023,47,45,True
2015-01-30,2526,0.00398388,0.565878,0.997245,0.995249,0.0269026,0.00036978,45,55,True
2015-02-27,2546,0.000498653,0.0481502,0.999977,1,0.00975925,0.000177641,55,48,True
2015-03-31,2565,0.000552048,0.0907077,0.999933,1,0.00920706,0.000126884,48,48,False
2015-04-30,2587,0.00171216,0.312904,0.999234,0.996908,0.00502185,0.000115917,48,50,True
2015-05-29,2608,0.000944448,0.130264,0.999858,0.999233,0.00675712,0.000116509,50,45,True
2015-06-30,2628,0.000654643,0.0739833,0.999947,1,0.00895766,0.000126385,45,44,True
2015-07-31,2650,0.000284636,0.0246652,0.999991,0.999623,0.0110708,0.000314614,44,47,True
2015-08-31,2672,0.000405796,0.0344794,0.999983,1,0.0036876,0.00112638,47,42,True
2015-09-30,2693,0.00076896,0.0812931,0.99994,0.998886,0.0236952,0.000635262,42,42,False
2015-10-30,2714,0.000736108,0.0713214,0.999949,0.999632,0.00418341,0.00240292,42,43,True
2015-11-30,2736,0.00017151,0.0124122,0.999998,1,0.00984944,0.000159668,43,42,True
2015-12-31,2756,0.000831316,0.0789521,0.999942,0.998911,0.00648354,0.00165525,42,42,False
2016-01-29,2778,0.00130385,0.129354,0.999817,0.99784,0.0273757,0.00140231,42,42,False
2016-02-29,2797,0.00155468,0.148557,0.999766,0.998927,0.0309053,0.000438676,42,42,False
2016-03-31,2817,0.000934073,0.102447,0.999906,0.999645,0.00770572,0.0026461,42,42,False
2016-04-29,2839,0.000549505,0.0319792,0.99998,0.999648,0.00902299,0.000209816,42,51,True
2016-05-31,2860,0.000453479,0.0441058,0.999982,1,0.011211,0.000390762,51,42,True
2016-06-30,2881,0.00132967,0.0959985,0.999845,0.998612,0.0237069,0.00169118,42,46,True
2016-07-29,2903,0.00201879,0.81053,0.999022,0.997933,0.0176198,0.00185696,46,42,True
2016-08-31,2923,0.00056783,0.0442579,0.999977,0.999658,0.0108965,0.000247657,42,43,True
2016-09-30,2946,0.000198857,0.0294329,0.999995,0.999661,0.0113902,0.000376754,43,42,True
2016-10-31,2967,0.000455645,0.0332585,0.999985,0.999663,0.0101109,0.000234056,42,43,True
2016-11-30,2988,0.000795125,0.101294,0.999945,0.999331,0.00639049,0.00344914,43,43,False
2016-12-30,3009,0.000653372,0.0514041,0.999969,0.999335,0.00719382,0.000289471,43,42,True
2017-01-31,3030,0.000527327,0.0597332,0.999972,1,0.00723178,0.000302796,42,49,True
2017-02-28,3050,0.000591473,0.0806267,0.999954,0.999672,0.00656614,0.000441882,49,42,True
2017-03-31,3069,0.000948347,0.0942877,0.999925,0.998045,0.00687004,0.000549032,42,43,True
2017-04-28,3092,0.000665559,0.0662608,0.999961,0.99806,0.00917366,0.000324056,43,47,True
2017-05-31,3111,0.00024259,0.0172449,0.999995,0.999357,0.0102191,0.000153483,47,49,True
2017-06-30,3133,0.000384101,0.0407289,0.999986,0.998404,0.00935486,0.000229932,49,47,True
2017-07-31,3155,0.000281921,0.0194795,0.999994,1,0.00943694,0.000204191,47,43,True
2017-08-31,3175,0.000440933,0.0261348,0.999986,1,0.00956549,0.000207011,43,48,True
2017-09-29,3198,0.000521339,0.0422516,0.999977,0.999375,0.0074566,0.000239069,48,48,False
2017-10-31,3218,0.00108691,0.113743,0.999876,0.999068,0.0089758,0.000487813,48,48,False
2017-11-30,3240,0.000895749,0.0918148,0.999907,0.999383,0.00710297,0.000601196,48,47,True
2017-12-29,3261,0.00113888,0.0806863,0.999891,0.998467,0.00606945,0.000598982,47,49,True
2018-01-31,3281,0.0013037,0.0959096,0.999853,0.999086,0.00633089,0.000601432,49,49,False
2018-02-28,3302,0.00317348,0.345038,0.998645,0.995154,0.0347421,0.00214687,49,56,True
2018-03-29,3321,0.00142504,0.197937,0.999744,0.999097,0.022526,0.00386658,56,57,True
2018-04-30,3342,0.00236521,0.330488,0.999519,0.998803,0.034612,0.00252709,57,53,True
2018-05-31,3363,0.000713865,0.0650779,0.999946,1,0.0100564,0.000241001,53,46,True
2018-06-29,3385,0.000723368,0.0490918,0.999965,0.999409,0.0114257,0.000355308,46,43,True
2018-07-31,3406,0.000627352,0.0293915,0.999977,0.999119,0.0102983,0.000203507,43,45,True
2018-08-31,3427,0.000964543,0.0512729,0.999947,0.999708,0.00948704,0.000181769,45,47,True
2018-09-28,3450,0.00084231,0.0625807,0.999947,0.99942,0.0103203,0.000281238,47,48,True
2018-10-31,3469,0.00152534,0.137907,0.999779,0.999135,0.0260359,0.00142814,48,48,False
2018-11-30,3492,0.0213069,0.999887,0.966488,0.979095,0.149533,0.00465495,48,42,True
2018-12-31,3513,0.0015547,0.127335,0.999818,0.998007,0.0256543,0.00123099,42,51,True
2019-01-31,3532,0.0015096,0.136831,0.999827,0.997452,0.0322103,0.0012415,51,43,True
2019-02-28,3553,0.000918807,0.106359,0.999931,0.998874,0.0117478,0.00190877,43,43,False
2019-03-29,3572,0.000684272,0.05895,0.999965,0.99972,0.0115934,0.000416809,43,43,False
2019-04-30,3593,0.000743159,0.0496657,0.99996,0.998887,0.00951471,0.000148871,43,47,True
2019-05-31,3614,0.00140718,0.115875,0.999824,0.998063,0.00519538,0.00245925,47,42,True
2019-06-28,3636,0.00186032,0.145951,0.999719,0.998075,0.0144381,0.000513278,42,46,True
2019-07-31,3656,0.000772111,0.0507727,0.999959,0.999453,0.00926429,0.000111956,46,42,True
2019-08-30,3678,0.00125565,0.114125,0.999884,0.998097,0.0338097,0.00156075,42,46,True
2019-09-30,3700,0.000306152,0.0499838,0.999988,1,0.00576249,0.00143634,46,43,True
2019-10-31,3720,0.000920647,0.430291,0.999828,1,0.0051971,0.00238161,43,42,True
2019-11-29,3743,0.000755149,0.0551777,0.999963,0.999733,0.00829233,0.000117634,42,43,True
2019-12-31,3763,0.00115585,0.0828924,0.999909,0.998937,0.00922734,0.000453032,43,42,True
2020-01-31,3784,0.000634782,0.0397061,0.999974,0.998943,0.0097213,0.000274283,42,44,True
2020-02-28,3805,0.00105737,0.093465,0.999902,0.99816,0.00860597,0.000667884,44,42,True
2020-03-31,3824,0.00518969,0.270503,0.998371,0.997385,0.0171773,0.00180351,42,42,False
2020-04-30,3846,0.00297552,0.257976,0.999407,0.99714,0.0167022,0.00170877,42,43,True
2020-05-29,3867,0.000587578,0.106205,0.999947,0.999224,0.0183551,0.000546814,43,43,False
2020-06-30,3887,0.000597742,0.0851645,0.999959,0.999228,0.0185578,0.000600456,43,43,False
2020-07-31,3909,0.000598194,0.105325,0.999948,0.999488,0.0211006,0.000569823,43,42,True
2020-08-31,3931,0.000702272,0.0957519,0.999948,0.999746,0.0250012,0.000510491,42,42,False
2020-09-30,3952,0.01829,0.999641,0.97087,0.981022,0.0799208,0.00182074,42,49,True
2020-10-30,3973,0.000493412,0.029842,0.999985,0.999748,0.0172127,0.000725175,49,43,True
2020-11-30,3995,0.000336338,0.0359166,0.99999,0.99975,0.017576,0.000536854,43,44,True
2020-12-31,4015,0.00043279,0.0468764,0.999983,0.999502,0.0231051,0.000590431,44,44,False
2021-01-29,4037,0.000310303,0.0313608,0.999993,0.999505,0.0170851,0.000478877,44,44,False
2021-02-26,4056,0.000330485,0.0246515,0.999991,0.999507,0.0147933,0.000497879,44,44,False
2021-03-31,4075,0.000183905,0.0183921,0.999997,0.999755,0.0117432,0.000815333,44,42,True
2021-04-30,4098,0.000911769,0.165989,0.999901,0.999512,0.00944227,0.000424696,42,44,True
2021-05-28,4119,0.00105491,0.0909407,0.999925,0.999272,0.00497609,0.00203896,44,50,True
2021-06-30,4139,0.000452354,0.0472972,0.999983,0.999758,0.00699396,0.000271326,50,44,True
2021-07-30,4161,0.000811176,0.114613,0.999927,0.999039,0.00873582,0.000543596,44,44,False
2021-08-31,4182,0.000711944,0.0884115,0.999953,0.999761,0.00401571,0.00109014,44,44,False
2021-09-30,4204,0.00077774,0.052765,0.999958,0.999524,0.0159562,0.00110925,44,44,False
2021-10-29,4225,0.00145741,0.120834,0.999838,0.999053,0.00701631,0.00168705,44,45,True
2021-11-30,4246,0.00123946,0.0846727,0.999896,0.998116,0.00410737,0.00101513,45,44,True
2021-12-31,4267,0.00087231,0.0847436,0.999929,0.99836,0.0150818,0.00135085,44,48,True
2022-01-31,4289,0.00943114,0.78485,0.991108,0.989275,0.0388919,0.00124071,48,52,True
2022-02-28,4309,0.000824332,0.0545407,0.999954,0.999304,0.0158923,0.000509298,52,49,True
2022-03-31,4328,0.00124251,0.0671363,0.999905,0.998845,0.0218259,0.000835148,49,49,False
2022-04-29,4351,0.00131148,0.0736817,0.99989,0.998161,0.021536,0.000558499,49,44,True
2022-05-31,4371,0.00941026,0.815682,0.990904,0.989019,0.0565595,0.000692885,44,49,True
2022-06-30,4392,0.000580034,0.0309678,0.99998,0.999545,0.018045,0.000666935,49,52,True
2022-07-29,4413,0.000651714,0.051637,0.99997,0.999547,0.0209699,0.000555385,52,52,False
2022-08-31,4433,0.00115171,0.114086,0.999904,0.998421,0.028708,0.000556147,52,52,False
2022-09-30,4456,0.000793795,0.0888409,0.999941,0.999102,0.0184442,0.0008333,52,44,True
2022-10-31,4477,0.00124084,0.120667,0.999862,0.999553,0.0166268,0.000897814,44,49,True
2022-11-30,4498,0.000772232,0.0933505,0.999953,0.998666,0.0237499,0.000613336,49,42,True
2022-12-30,4519,0.000928114,0.097216,0.999943,0.999336,0.0250168,0.000537857,42,44,True
2023-01-31,4540,0.00114094,0.0866259,0.999917,0.999119,0.0248493,0.000429228,44,51,True
2023-02-28,4560,0.000901123,0.0616891,0.999952,0.999561,0.0231396,0.000431939,51,42,True
2023-03-31,4579,0.000759772,0.0483025,0.999968,0.999782,0.0240108,0.000550267,42,47,True
2023-04-28,4602,0.00133704,0.114473,0.999854,0.998914,0.0239553,0.000297449,47,48,True
2023-05-31,4621,0.00447638,0.836182,0.99581,0.99459,0.0418012,0.000737879,48,47,True
2023-06-30,4643,0.00193231,0.186482,0.999704,0.997631,0.0198895,0.0012184,47,51,True
2023-07-31,4664,0.00564469,0.784453,0.995707,0.994854,0.0405483,0.000580584,51,49,True
2023-08-31,4684,0.0166281,0.919964,0.979125,0.983134,0.0952573,0.00364807,49,46,True
2023-09-29,4707,0.00215087,0.198605,0.999595,0.997451,0.0204158,0.00113956,46,49,True
2023-10-31,4727,0.000775337,0.0863021,0.999946,0.999154,0.00268094,0.000769257,49,44,True
2023-11-30,4749,0.00115678,0.358264,0.999856,0.998737,0.0119582,0.00141838,44,42,True
2023-12-29,4770,0.000817496,0.0532957,0.999961,0.99979,0.0101,0.000134401,42,49,True
2024-01-31,4790,0.000867561,0.0616921,0.999951,0.999582,0.010177,0.000102221,49,44,True
2024-02-29,4811,0.000957311,0.0626215,0.999938,0.999584,0.0107518,0.000100828,44,44,False
2024-03-28,4831,0.00886084,0.814091,0.991066,0.989029,0.0418303,0.00064702,44,43,True
2024-04-30,4851,0.00143599,0.155065,0.999833,0.998763,0.0135284,0.00106833,43,43,False
2024-05-31,4873,0.000978959,0.0673886,0.999932,0.999179,0.0101163,0.000101022,43,43,False
2024-06-28,4895,0.00076667,0.062837,0.99996,0.999591,0.00788525,0.000130808,43,44,True
2024-07-31,4914,0.000383635,0.0616161,0.999984,0.999796,0.00995081,0.000438817,44,51,True
2024-08-30,4936,0.0011276,0.371915,0.999856,0.999595,0.0210036,0.000831416,51,47,True
2024-09-30,4958,0.000454445,0.104058,0.999978,1,0.00266507,0.00101401,47,47,False
2024-10-31,4978,0.000441141,0.0433342,0.999985,0.999397,0.0177223,0.000896566,47,44,True
2024-11-29,5001,0.000402558,0.033394,0.999989,0.9998,0.00349573,0.00117356,44,43,True
2024-12-31,5021,0.000300522,0.0247079,0.999994,0.999801,0.00336229,0.00180278,43,42,True
2025-01-31,5042,0.00124305,0.119316,0.999883,0.999207,0.00853176,0.000293653,42,43,True
2025-02-28,5062,0.000293354,0.0332394,0.999992,1,0.00400899,0.000453691,43,42,True
2025-03-31,5081,0.000663494,0.181434,0.999942,1,0.0146234,0.000494774,42,43,True
2025-04-30,5102,0.00947036,0.869621,0.99008,0.98922,0.0410252,0.000713447,43,43,False
2025-05-30,5123,0.000727013,0.0640385,0.999959,0.999414,0.0112822,3.93286e-05,43,49,True
2025-06-30,5144,0.00205267,0.629528,0.999413,0.999028,0.0113576,0.000907292,49,42,True
2025-07-31,5164,0.000935881,0.0783873,0.999944,0.999806,0.00708465,0.000484015,42,57,True
2025-08-29,5186,0.000482475,0.0317674,0.999986,0.999422,0.00572823,0.000271007,57,44,True
2025-09-30,5207,0.00101409,0.0643626,0.999934,0.999808,0.00566611,0.000230415,44,51,True
2025-10-31,5228,0.000286712,0.0290434,0.999994,1,0.00246786,0.00130539,51,44,True
2025-11-28,5251,0.00101773,0.0667991,0.999931,0.99981,0.00318721,0.00131962,44,51,True
2025-12-31,5270,0.000364028,0.150849,0.999971,0.99981,0.00555266,0.000311292,51,56,True
2026-01-30,5292,0.00072841,0.0432411,0.999968,0.999811,0.00515425,0.000288165,56,54,True
2026-02-27,5312,0.00220436,0.135683,0.999706,0.999247,0.0117727,0.000822567,54,44,True
2026-03-31,5331,0.000548817,0.0418621,0.999979,0.999437,0.0122311,0.00087529,44,53,True
2026-04-30,5353,0.000732075,0.0533416,0.999967,0.99944,0.00412303,0.00101643,53,54,True
2026-05-29,5374,0.000894282,0.0928079,0.999938,0.998511,0.00764805,0.000509922,54,56,True
2026-06-30,5394,0.00185849,0.11133,0.999806,0.998146,0.0104154,0.000384738,56,50,True
2026-07-31,5415,0.00113309,0.0704638,0.999919,0.999261,0.00953918,0.000489059,50,47,True
