date,n_obs,loglik,min_occupancy,degenerate_occupancy,singular_covariance,absorbing_state,transmat_rows_ok,occupancy_s0,n_eff_s0,persistence_s0,expected_duration_s0,mean_realized_vol_s0,min_eigenvalue_s0,occupancy_s1,n_eff_s1,persistence_s1,expected_duration_s1,mean_realized_vol_s1,min_eigenvalue_s1,guard_triggered
2009-12-31,1268,-3258.69,0.4277,False,False,True,True,0.5723,726.016,0.998622,725.676,0.108531,0.0162935,0.4277,542.664,1,inf,0.291069,0.0880558,True
2010-01-29,1287,-3319.55,0.477537,False,False,False,True,0.522463,673.082,0.997019,335.439,0.10233,0.0150344,0.477537,615.262,0.998363,610.8,0.276895,0.0848143,False
2010-02-26,1306,-3403.11,0.485086,False,False,False,True,0.514914,673.124,0.99702,335.621,0.102336,0.0152447,0.485086,634.168,0.998413,630.202,0.274307,0.0854341,False
2010-03-31,1329,-3519.94,0.493912,False,False,False,True,0.506088,673.199,0.997023,335.859,0.102346,0.0154434,0.493912,657.018,0.99847,653.712,0.268392,0.0875405,False
2010-04-30,1350,-3615.13,0.322259,False,False,False,True,0.677741,915.867,0.997814,457.416,0.127597,0.0215133,0.322259,435.969,0.997695,433.932,0.29934,0.0504656,False
2010-05-28,1370,-3674.98,0.332332,False,False,False,True,0.667668,915.656,0.997813,457.292,0.127554,0.0215799,0.332332,456.246,0.997798,454.165,0.297628,0.0531827,False
2010-06-30,1392,-3729.81,0.342656,False,False,False,True,0.657344,915.944,0.997814,457.462,0.127601,0.0217698,0.342656,477.9,0.997898,475.842,0.297368,0.0512812,False
2010-07-30,1413,-3796.18,0.352339,False,False,False,True,0.647661,916.061,0.997814,457.528,0.12762,0.0220746,0.352339,498.771,0.997987,496.745,0.294191,0.0498588,False
2010-08-31,1435,-3883.07,0.362494,False,False,False,True,0.637506,915.746,0.997814,457.362,0.12758,0.022338,0.362494,521.104,0.998073,519.059,0.289401,0.0497578,False
2010-09-30,1456,-3976.01,0.377667,False,False,False,True,0.622333,907.065,0.997793,453.005,0.12635,0.0213215,0.377667,550.833,0.998178,548.721,0.284684,0.059562,False
2010-10-29,1477,-4076.95,0.388296,False,False,False,True,0.611704,905.579,0.997786,451.685,0.126153,0.0215925,0.388296,575.609,0.998253,572.321,0.278336,0.0625883,False
2010-11-30,1498,-4163.27,0.401852,False,False,False,True,0.598148,898.523,0.997768,447.946,0.125474,0.0219425,0.401852,604.474,0.998335,600.741,0.271771,0.0641116,False
2010-12-31,1520,-4257.72,0.408101,False,False,False,True,0.591899,902.331,0.997777,449.794,0.125838,0.0221567,0.408101,622.962,0.998385,619.108,0.267164,0.0624801,False
2011-01-31,1540,-4328.73,0.413529,False,False,False,True,0.586471,905.338,0.997785,451.538,0.12613,0.0222412,0.413529,639.011,0.998427,635.671,0.261194,0.0598247,False
2011-02-28,1559,-4404.2,0.419788,False,False,False,True,0.580212,906.197,0.997789,452.236,0.126236,0.0224408,0.419788,656.096,0.998469,653.308,0.256999,0.0579253,False
2011-03-31,1582,-4488.56,0.427824,False,False,False,True,0.572176,906.54,0.99779,452.554,0.126282,0.0227482,0.427824,678.175,0.99852,675.692,0.253661,0.0566599,False
2011-04-29,1602,-4570.83,0.434764,False,False,False,True,0.565236,906.707,0.997791,452.719,0.126305,0.0229576,0.434764,697.691,0.998562,695.379,0.249531,0.0554575,False
2011-05-31,1623,-4652.54,0.44202,False,False,False,True,0.55798,906.754,0.997791,452.769,0.126312,0.0231769,0.44202,718.552,0.998604,716.291,0.245214,0.0544847,False
2011-06-30,1645,-4732.14,0.449377,False,False,False,True,0.550623,906.858,0.997792,452.857,0.126325,0.0234738,0.449377,740.31,0.998645,738.121,0.242262,0.0531941,False
2011-07-29,1665,-4810.01,0.455887,False,False,False,True,0.544113,906.965,0.997792,452.946,0.126338,0.023747,0.455887,760.068,0.998681,757.951,0.239923,0.0522318,False
2011-08-31,1688,-4846.21,0.463242,False,False,False,True,0.536758,906.999,0.997792,452.996,0.126343,0.0232321,0.463242,782.906,0.998719,780.857,0.244071,0.0520191,False
2011-09-30,1709,-4927.26,0.47015,False,False,False,True,0.52985,906.707,0.997791,452.726,0.126306,0.0230936,0.47015,804.68,0.998754,802.365,0.246241,0.052411,False
2011-10-31,1730,-5004.34,0.47718,False,False,False,True,0.52282,906.186,0.997789,452.208,0.12623,0.0231287,0.47718,827.231,0.998787,824.383,0.247549,0.0526781,False
2011-11-30,1751,-5088.61,0.487785,False,False,False,True,0.512215,899.298,0.99777,448.407,0.125569,0.0233133,0.487785,856.522,0.998828,852.925,0.248194,0.0545492,False
2011-12-30,1772,-5218.01,0.496733,False,False,False,True,0.503267,893.826,0.997757,445.742,0.124976,0.0236263,0.496733,882.249,0.998692,764.775,0.248274,0.0612488,False
2012-01-31,1792,-5349.87,0.48862,False,False,False,True,0.51138,920.811,0.996727,305.501,0.126859,0.0239701,0.48862,880.027,0.997712,437.018,0.247408,0.0616986,False
2012-02-29,1812,-5501.06,0.490317,False,False,False,True,0.490317,889.815,0.997732,440.897,0.124571,0.0240023,0.509683,924.908,0.9989,908.775,0.242443,0.0737706,False
2012-03-30,1834,-5656.74,0.396348,False,False,True,True,0.396348,727.58,0.998624,726.905,0.108653,0.0202712,0.603652,1107.77,1,inf,0.232894,0.0969024,True
2012-04-30,1854,-5761.87,0.392035,False,False,True,True,0.392035,727.495,0.998624,726.834,0.108646,0.0204583,0.607965,1127.83,1,inf,0.231059,0.0980057,True
2012-05-31,1876,-5882.45,0.387287,False,False,True,True,0.387287,727.122,0.998624,726.549,0.108616,0.0206638,0.612713,1150.02,1,inf,0.229107,0.0983148,True
2012-06-29,1897,-5994.16,0.452233,False,False,False,True,0.547767,1041.3,0.998073,518.875,0.127316,0.0308053,0.452233,860.076,0.997668,428.786,0.249143,0.0603606,False
2012-07-31,1918,-6079.33,0.445654,False,False,False,True,0.554346,1065.8,0.998116,530.925,0.128442,0.0319199,0.445654,857.335,0.997659,427.216,0.249132,0.0596118,False
2012-08-31,1941,-6176.56,0.440357,False,False,False,True,0.559643,1088.82,0.998156,542.429,0.128375,0.0323645,0.440357,857.293,0.997659,427.196,0.249132,0.060213,False
2012-09-28,1960,-6264.7,0.436738,False,False,False,True,0.563262,1106.49,0.998186,551.273,0.127694,0.0325587,0.436738,858.503,0.997663,427.819,0.249142,0.0612625,False
2012-10-31,1981,-6349.69,0.432761,False,False,False,True,0.567239,1125.9,0.998218,561.097,0.127058,0.0323377,0.432761,859.496,0.997666,428.452,0.249158,0.0624862,False
2012-11-30,2002,-6434.84,0.427939,False,False,False,True,0.572061,1147.58,0.998251,571.859,0.127376,0.032777,0.427939,859.054,0.997664,428.157,0.24916,0.0628486,False
2012-12-31,2022,-6519.7,0.423947,False,False,False,True,0.576053,1166.94,0.99828,581.499,0.127049,0.0331715,0.423947,859.386,0.997666,428.364,0.249173,0.0637135,False
2013-01-31,2043,-6641.51,0.419176,False,False,False,True,0.580824,1188.93,0.998312,592.425,0.12723,0.0347788,0.419176,858.685,0.997663,427.913,0.249153,0.0636507,False
2013-02-28,2062,-6736.88,0.415751,False,False,False,True,0.584249,1206.75,0.998337,601.29,0.126544,0.034409,0.415751,859.311,0.997665,428.235,0.249152,0.0644331,False
2013-03-28,2082,-6842.39,0.411854,False,False,False,True,0.588146,1226.42,0.998364,611.068,0.126306,0.0350253,0.411854,859.382,0.997665,428.251,0.24914,0.0648102,False
2013-04-30,2104,-6943.71,0.40758,False,False,False,True,0.59242,1248.3,0.998392,621.922,0.126145,0.0354716,0.40758,859.393,0.997665,428.222,0.249133,0.0652911,False
2013-05-31,2126,-7054.32,0.403384,False,False,False,True,0.596616,1270.18,0.99842,632.728,0.125925,0.0362503,0.403384,859.373,0.997664,428.139,0.249125,0.0656933,False
2013-06-28,2146,-7152.41,0.399542,False,False,False,True,0.600458,1290.42,0.998443,642.125,0.12614,0.0363741,0.399542,859.259,0.997662,427.7,0.249131,0.0661035,False
2013-07-31,2168,-7293.71,0.395376,False,False,False,True,0.604624,1312.7,0.998468,652.724,0.126222,0.0375646,0.395376,859.057,0.997659,427.228,0.249118,0.0661326,False
2013-08-30,2190,-7422.41,0.391813,False,False,False,True,0.608187,1334.02,0.998451,645.611,0.125425,0.0372762,0.391813,860.159,0.997645,424.71,0.249069,0.066572,False
2013-09-30,2210,-7494.74,0.334722,False,False,False,True,0.665278,1486.06,0.994361,177.349,0.114377,0.0332818,0.334722,755.702,0.988799,89.2814,0.290122,0.109293,False
2013-10-31,2233,-7594.84,0.344313,False,False,False,True,0.655687,1478.55,0.994321,176.084,0.113073,0.0338603,0.344313,783.382,0.989192,92.522,0.286057,0.110366,False
2013-11-29,2253,-7680.5,0.364377,False,False,False,True,0.635623,1443.24,0.994506,182.022,0.110892,0.0342942,0.364377,832.19,0.990423,104.415,0.278529,0.107799,False
2013-12-31,2274,-7758.12,0.361813,False,False,False,True,0.638187,1462.15,0.994522,182.545,0.110507,0.0341879,0.361813,833.74,0.990344,103.56,0.278292,0.108243,False
2014-01-31,2295,-7842.65,0.357247,False,False,False,True,0.642753,1486.57,0.994612,185.613,0.110448,0.0342518,0.357247,831.41,0.990313,103.229,0.278831,0.109073,False
2014-02-28,2314,-7940.32,0.354014,False,False,False,True,0.645986,1506.19,0.994692,188.384,0.110984,0.0358074,0.354014,830.644,0.99032,103.301,0.278928,0.109701,False
2014-03-31,2335,-8007.02,0.353095,False,False,False,True,0.646905,1521.33,0.994686,188.194,0.110635,0.0356212,0.353095,835.348,0.990271,102.785,0.278075,0.109868,False
2014-04-30,2356,-8091.14,0.350387,False,False,False,True,0.649613,1541.21,0.994737,190.018,0.110754,0.0361445,0.350387,836.3,0.990249,102.555,0.277933,0.110372,False
2014-05-30,2377,-8172.13,0.346516,False,False,False,True,0.653484,1564.61,0.994802,192.378,0.110562,0.0361957,0.346516,835.015,0.990203,102.07,0.278277,0.11082,False
2014-06-30,2398,-8259.68,0.341872,False,False,False,True,0.658128,1588.54,0.994889,195.674,0.110042,0.03587,0.341872,830.22,0.990168,101.708,0.278928,0.111043,False
2014-07-31,2420,-8343.04,0.338798,False,False,False,True,0.661202,1610.28,0.994944,197.798,0.109507,0.0355214,0.338798,830.122,0.99014,101.415,0.278924,0.111061,False
2014-08-29,2441,-8416.37,0.33622,False,False,False,True,0.66378,1630.46,0.994995,199.784,0.109459,0.0357359,0.33622,830.946,0.990124,101.257,0.278819,0.111463,False
2014-09-30,2462,-8491.57,0.333961,False,False,False,True,0.666039,1650.47,0.995028,201.112,0.108884,0.0357892,0.333961,832.963,0.990089,100.9,0.278576,0.111648,False
2014-10-31,2485,-8627.23,0.333883,False,False,False,True,0.666117,1667.28,0.994438,179.779,0.109329,0.037119,0.333883,841.768,0.98891,90.1674,0.277502,0.112319,False
2014-11-28,2504,-8699.86,0.332826,False,False,False,True,0.667174,1683.26,0.994452,180.259,0.10924,0.0377776,0.332826,846.146,0.988885,89.9722,0.276888,0.112324,False
2014-12-31,2526,-8804.5,0.333477,False,False,False,True,0.666523,1696.55,0.993829,162.053,0.109147,0.0383524,0.333477,855.381,0.987674,81.1266,0.275228,0.112101,False
2015-01-30,2546,-8915.82,0.326922,False,False,False,True,0.673078,1726.18,0.994008,166.895,0.110023,0.0386407,0.326922,844.966,0.987679,81.1652,0.27676,0.113584,False
2015-02-27,2565,-8987.98,0.324306,False,False,False,True,0.675694,1745.85,0.994071,168.656,0.110446,0.0387969,0.324306,844.637,0.987653,80.9926,0.276791,0.114221,False
2015-03-31,2587,-9062.94,0.32207,False,False,False,True,0.67793,1766.81,0.994129,170.315,0.110456,0.0388329,0.32207,846.309,0.987647,80.9552,0.276578,0.114777,False
2015-04-30,2608,-9125.97,0.321174,False,False,False,True,0.678826,1783.67,0.994126,170.248,0.110415,0.0387584,0.321174,851.029,0.987592,80.5919,0.275847,0.114821,False
2015-05-29,2628,-9186.66,0.319667,False,False,False,True,0.680333,1800.99,0.994151,170.967,0.110292,0.0385981,0.319667,853.271,0.987558,80.3744,0.275457,0.115046,False
2015-06-30,2650,-9254.54,0.317663,False,False,False,True,0.682337,1821.08,0.994195,172.277,0.110079,0.0384331,0.317663,854.796,0.98754,80.2537,0.275196,0.115508,False
2015-07-31,2672,-9342.43,0.314944,False,False,False,True,0.685056,1843.28,0.994295,175.285,0.110277,0.0390521,0.314944,854.442,0.987597,80.627,0.275266,0.116118,False
2015-08-31,2693,-9419.6,0.315584,False,False,False,True,0.684416,1856.2,0.993757,160.168,0.110222,0.0390023,0.315584,863.045,0.987622,80.7881,0.274708,0.117508,False
2015-09-30,2714,-9523.06,0.321473,False,False,False,True,0.678527,1854.69,0.993743,159.823,0.110182,0.0389583,0.321473,885.755,0.987926,82.8234,0.274758,0.12008,False
2015-10-30,2736,-9633.58,0.320303,False,False,False,True,0.679697,1873.43,0.993741,159.781,0.110721,0.03972,0.320303,890.247,0.986726,75.3371,0.274338,0.120666,False
2015-11-30,2756,-9701.09,0.31784,False,False,False,True,0.68216,1893.77,0.993815,161.68,0.110866,0.0396015,0.31784,889.823,0.986733,75.3729,0.274393,0.121446,False
2015-12-31,2778,-9822.07,0.315782,False,False,False,True,0.684218,1916.47,0.993593,156.073,0.111413,0.040072,0.315782,893.114,0.986127,72.0836,0.274183,0.122131,False
2016-01-29,2797,-9923.85,0.321159,False,False,False,True,0.678841,1915.52,0.992909,141.024,0.111408,0.0402031,0.321159,915.245,0.98611,71.9931,0.272232,0.120961,False
2016-02-29,2817,-10037.4,0.327326,False,False,False,True,0.672674,1912.12,0.992758,138.085,0.111329,0.040353,0.327326,939.446,0.986178,72.3493,0.270614,0.120938,False
2016-03-31,2839,-10132,0.325298,False,False,False,True,0.674702,1933.42,0.992715,137.266,0.111783,0.0405698,0.325298,941.645,0.984898,66.2177,0.270377,0.121667,False
2016-04-29,2860,-10191.1,0.323455,False,False,False,True,0.676545,1952.96,0.992736,137.658,0.111626,0.0404083,0.323455,943.309,0.984814,65.8506,0.270178,0.122175,False
2016-05-31,2881,-10257,0.321157,False,False,False,True,0.678843,1973.56,0.99285,139.866,0.11149,0.0405335,0.321157,943.244,0.984895,66.2022,0.270211,0.122894,False
2016-06-30,2903,-10366.8,0.324447,False,False,False,True,0.675553,1979.82,0.992188,128.003,0.111387,0.0405512,0.324447,960.754,0.984712,65.41,0.267589,0.123074,False
2016-07-29,2923,-10518.6,0.320633,False,False,False,True,0.679367,2003.34,0.992481,132.993,0.112102,0.0448493,0.320633,954.937,0.984077,62.8003,0.268248,0.123106,False
2016-08-31,2946,-10594,0.318663,False,False,False,True,0.681337,2025.02,0.992499,133.323,0.111456,0.0451622,0.318663,956.758,0.983971,62.3881,0.268043,0.123084,False
2016-09-30,2967,-10675.3,0.316308,False,False,False,True,0.683692,2046.16,0.992614,135.4,0.111415,0.0455912,0.316308,956.314,0.984045,62.6748,0.2681,0.123547,False
2016-10-31,2988,-10746,0.314321,False,False,False,True,0.685679,2066.35,0.992697,136.933,0.111311,0.0460919,0.314321,956.909,0.984079,62.81,0.268054,0.124148,False
2016-11-30,3009,-10832.9,0.314578,False,False,False,True,0.685422,2081.33,0.992149,127.373,0.111209,0.0461288,0.314578,965.671,0.982903,58.4882,0.266753,0.124203,False
2016-12-30,3030,-10896.7,0.313047,False,False,False,True,0.686953,2100.91,0.992142,127.258,0.110863,0.0457921,0.313047,968.191,0.982765,58.021,0.266488,0.124292,False
2017-01-31,3050,-10960.8,0.311518,False,False,False,True,0.688482,2119.82,0.992133,127.116,0.110454,0.0454485,0.311518,970.313,0.982622,57.5449,0.266251,0.12415,False
2017-02-28,3069,-11024.2,0.310138,False,False,False,True,0.689862,2137.71,0.992099,126.573,0.109996,0.0450949,0.310138,972.583,0.982435,56.9316,0.265977,0.123912,False
2017-03-31,3092,-11093.7,0.308773,False,False,False,True,0.691227,2158.61,0.992049,125.777,0.109579,0.0446667,0.308773,976.326,0.982211,56.2131,0.265563,0.123822,False
2017-04-28,3111,-11162.2,0.307032,False,False,False,True,0.692968,2177.19,0.992144,127.291,0.109184,0.0451462,0.307032,976.815,0.982278,56.4271,0.265584,0.124161,False
2017-05-31,3133,-11238.4,0.30496,False,False,False,True,0.69504,2199.04,0.99222,128.535,0.108843,0.0449424,0.30496,977.192,0.982277,56.4248,0.265547,0.123834,False
2017-06-30,3155,-11310.5,0.30318,False,False,False,True,0.69682,2220.31,0.992247,128.979,0.108463,0.0446757,0.30318,978.663,0.982189,56.1455,0.265385,0.123363,False
2017-07-31,3175,-11380.9,0.301314,False,False,False,True,0.698686,2240.24,0.992325,130.299,0.108164,0.0446119,0.301314,978.873,0.982213,56.22,0.265384,0.122985,False
2017-08-31,3198,-11458.9,0.299585,False,False,False,True,0.700415,2262.24,0.992358,130.862,0.107767,0.0446457,0.299585,980.692,0.982142,55.9981,0.265213,0.122968,False
2017-09-29,3218,-11522.1,0.29824,False,False,False,True,0.70176,2281.08,0.992357,130.835,0.107477,0.044426,0.29824,982.866,0.982024,55.6306,0.264987,0.122604,False
2017-10-31,3240,-11600.6,0.296546,False,False,False,True,0.703454,2302.46,0.992328,130.342,0.10689,0.0439837,0.296546,984.406,0.981809,54.9731,0.264701,0.121776,False
2017-11-30,3261,-11665.5,0.295505,False,False,False,True,0.704495,2321.45,0.992266,129.298,0.106401,0.0435731,0.295505,988.096,0.981571,54.2613,0.264247,0.121213,False
2017-12-29,3281,-11720.7,0.294836,False,False,False,True,0.705164,2338.75,0.992195,128.124,0.106023,0.043159,0.294836,992.848,0.981342,53.5963,0.263719,0.120719,False
2018-01-31,3302,-11782.8,0.294256,False,False,False,True,0.705744,2356.52,0.992122,126.933,0.105623,0.0427857,0.294256,998.201,0.981115,52.9508,0.263111,0.120337,False
2018-02-28,3321,-11910.9,0.299828,False,False,False,True,0.700172,2352.22,0.991359,115.722,0.105391,0.0428854,0.299828,1023.1,0.980804,52.0949,0.26225,0.12627,False
2018-03-29,3342,-12040.3,0.302916,False,False,False,True,0.697084,2356.95,0.990689,107.398,0.105465,0.0429512,0.302916,1040.06,0.979541,48.8776,0.261312,0.127908,False
2018-04-30,3363,-12189.1,0.307494,False,False,False,True,0.692506,2355.95,0.99045,104.714,0.105443,0.0431629,0.307494,1061.56,0.978516,46.5461,0.260286,0.131396,False
2018-05-31,3385,-12258.4,0.306026,False,False,False,True,0.693974,2376.62,0.990483,105.07,0.105535,0.042969,0.306026,1063.83,0.978428,46.356,0.260007,0.131849,False
2018-06-29,3406,-12325.3,0.30414,False,False,False,True,0.69586,2397.3,0.990594,106.313,0.105399,0.0432436,0.30414,1063.51,0.978494,46.4991,0.260095,0.132499,False
2018-07-31,3427,-12387.3,0.302657,False,False,False,True,0.697343,2416.84,0.990672,107.207,0.10521,0.0434299,0.302657,1064.66,0.978518,46.5496,0.260009,0.133039,False
2018-08-31,3450,-12449.3,0.301594,False,False,False,True,0.698406,2436.76,0.990687,107.374,0.104866,0.0434683,0.301594,1068.17,0.978441,46.3847,0.259647,0.133329,False
2018-09-28,3469,-12511.7,0.300058,False,False,False,True,0.699942,2455.08,0.990776,108.418,0.104493,0.0441019,0.300058,1068.29,0.978492,46.4946,0.259702,0.133808,False
2018-10-31,3492,-12640.9,0.302544,False,False,False,True,0.697456,2461.97,0.990427,104.457,0.104315,0.0447019,0.302544,1083.32,0.978857,47.2959,0.258715,0.13351,False
2018-11-30,3513,-12771.5,0.325403,False,False,False,True,0.674597,2399.42,0.990484,105.085,0.102164,0.0391335,0.325403,1173.1,0.981127,52.9853,0.253474,0.152205,False
2018-12-31,3532,-12874.4,0.328154,False,False,False,True,0.671846,2401.72,0.990608,106.47,0.102188,0.0393447,0.328154,1188.17,0.981618,54.4025,0.253548,0.153724,False
2019-01-31,3553,-12995.9,0.332457,False,False,False,True,0.667543,2400.41,0.990698,107.499,0.102122,0.0393994,0.332457,1210.21,0.982149,56.0205,0.253746,0.152961,False
2019-02-28,3572,-13070.3,0.330242,False,False,False,True,0.669758,2421.2,0.990748,108.087,0.102273,0.0393873,0.330242,1208.81,0.981246,53.321,0.25388,0.153753,False
2019-03-29,3593,-13147,0.328327,False,False,False,True,0.671673,2441.98,0.99087,109.534,0.102173,0.0396029,0.328327,1208.69,0.981332,53.5671,0.25394,0.154568,False
2019-04-30,3614,-13203,0.327149,False,False,False,True,0.672851,2460.83,0.990895,109.827,0.102082,0.0395836,0.327149,1211.84,0.981282,53.4236,0.253699,0.154922,False
2019-05-31,3636,-13324.1,0.325488,False,False,False,True,0.674512,2481.79,0.990528,105.578,0.102326,0.0398336,0.325488,1213.11,0.980418,51.0686,0.25332,0.155574,False
2019-06-28,3656,-13415.7,0.322431,False,False,False,True,0.677569,2506,0.99058,106.159,0.102786,0.0399417,0.322431,1207.99,0.980214,50.54,0.253614,0.156287,False
2019-07-31,3678,-13477.2,0.321221,False,False,False,True,0.678779,2525.93,0.990628,106.701,0.102539,0.0399562,0.321221,1211.22,0.980206,50.5192,0.253409,0.156765,False
2019-08-30,3700,-13611,0.325272,False,False,False,True,0.674728,2526.23,0.990266,102.734,0.102497,0.0402307,0.325272,1233.63,0.980624,51.6103,0.25228,0.155848,False
2019-09-30,3720,-13719.4,0.325346,False,False,False,True,0.674654,2539.63,0.990334,103.453,0.102596,0.0406986,0.325346,1240.59,0.979974,49.9339,0.252086,0.156369,False
2019-10-31,3743,-13828.5,0.325095,False,False,False,True,0.674905,2557.32,0.989957,99.5727,0.102843,0.0409326,0.325095,1248.41,0.979159,47.9833,0.25123,0.156589,False
2019-11-29,3763,-13890.3,0.323951,False,False,False,True,0.676049,2575.63,0.990011,100.115,0.102481,0.0413237,0.323951,1251.12,0.979164,47.9935,0.251077,0.156731,False
2019-12-31,3784,-13963.6,0.322596,False,False,False,True,0.677404,2595.24,0.990126,101.276,0.102167,0.0418823,0.322596,1253.09,0.979276,48.2528,0.251037,0.157297,False
2020-01-31,3805,-14037.2,0.321049,False,False,False,True,0.678951,2615.63,0.990206,102.104,0.101943,0.0420635,0.321049,1254.27,0.979333,48.386,0.251017,0.157831,False
2020-02-28,3824,-14124,0.319918,False,False,False,True,0.680082,2632.29,0.989927,99.2728,0.10218,0.0421314,0.319918,1255.46,0.979388,48.5143,0.251109,0.160783,False
2020-03-31,3846,-13885.8,0.318899,False,False,False,True,0.681101,2647.97,0.990247,102.532,0.102521,0.037545,0.318899,1255.29,0.979969,49.9228,0.260063,0.15604,False
2020-04-30,3867,-13822.5,0.319639,False,False,False,True,0.680361,2658.52,0.990499,105.255,0.102703,0.0343729,0.319639,1263.94,0.980571,51.4699,0.267895,0.154264,False
2020-05-29,3887,-13919.9,0.323196,False,False,False,True,0.676804,2658.24,0.990462,104.841,0.102716,0.0343165,0.323196,1284.09,0.980807,52.1025,0.268006,0.156837,False
2020-06-30,3909,-14029.4,0.326881,False,False,False,True,0.673119,2658.56,0.990443,104.638,0.102739,0.0343312,0.326881,1305.42,0.981089,52.8788,0.267753,0.160897,False
2020-07-31,3931,-14155,0.330684,False,False,False,True,0.669316,2658.23,0.990406,104.231,0.102757,0.0344206,0.330684,1327.36,0.981336,53.5801,0.266714,0.163046,False
2020-08-31,3952,-14291.5,0.334195,False,False,False,True,0.665805,2658.25,0.990368,103.817,0.102786,0.0345743,0.334195,1348.01,0.981553,54.2104,0.264096,0.16544,False
2020-09-30,3973,-14405.7,0.319667,False,False,False,True,0.680333,2729.53,0.990696,107.48,0.104848,0.039779,0.319667,1296.9,0.980971,52.5521,0.267805,0.147193,False
2020-10-30,3995,-14530.4,0.322991,False,False,False,True,0.677009,2730.81,0.99072,107.763,0.104885,0.0399064,0.322991,1316.79,0.981309,53.5029,0.266745,0.150594,False
2020-11-30,4015,-14637.7,0.326525,False,False,False,True,0.673475,2730.27,0.9907,107.527,0.104877,0.0400088,0.326525,1337.54,0.981557,54.2226,0.26585,0.150856,False
2020-12-31,4037,-14768.1,0.330309,False,False,False,True,0.669691,2729.78,0.990672,107.208,0.104879,0.0401674,0.330309,1359.96,0.981825,55.0208,0.263319,0.150212,False
2021-01-29,4056,-14881.1,0.333209,False,False,False,True,0.666791,2730.61,0.990673,107.22,0.104905,0.0403011,0.333209,1377.86,0.982063,55.7522,0.261254,0.151461,False
2021-02-26,4075,-14985.9,0.336607,False,False,False,True,0.663393,2729.63,0.99065,106.947,0.104884,0.0404521,0.336607,1398.23,0.982289,56.4608,0.259805,0.150882,False
2021-03-31,4098,-15112.2,0.339254,False,False,False,True,0.660746,2736.15,0.990638,106.819,0.104994,0.0406099,0.339254,1418.96,0.981892,55.2245,0.258661,0.150746,False
2021-04-30,4119,-15194.1,0.336653,False,False,False,True,0.663347,2760.62,0.99076,108.221,0.105123,0.0407516,0.336653,1415.26,0.981801,54.9481,0.258935,0.151604,False
2021-05-28,4139,-15299.3,0.335133,False,False,False,True,0.664867,2782.18,0.99046,104.826,0.10531,0.0410471,0.335133,1417.74,0.981081,52.8565,0.258822,0.15205,False
2021-06-30,4161,-15391.9,0.333185,False,False,False,True,0.666815,2805.14,0.990561,105.938,0.105288,0.0415751,0.333185,1417.24,0.981116,52.9558,0.258916,0.152931,False
2021-07-30,4182,-15487.1,0.330902,False,False,False,True,0.669098,2829.09,0.990715,107.699,0.105275,0.042037,0.330902,1415.11,0.981234,53.2872,0.259179,0.153887,False
2021-08-31,4204,-15592.2,0.329755,False,False,False,True,0.670245,2849.81,0.990567,106.014,0.105189,0.0426066,0.329755,1418.77,0.980836,52.182,0.258924,0.154628,False
2021-09-30,4225,-15711.9,0.332575,False,False,False,True,0.667425,2852.6,0.990192,101.959,0.105067,0.0429908,0.332575,1438.25,0.981016,52.6754,0.256961,0.154151,False
2021-10-29,4246,-15807.3,0.330448,False,False,False,True,0.669552,2877.26,0.99023,102.352,0.105447,0.0430859,0.330448,1437.85,0.98021,50.5303,0.257001,0.15441,False
2021-11-30,4267,-15918.1,0.330864,False,False,False,True,0.669136,2889.85,0.990016,100.159,0.105218,0.0439398,0.330864,1446.88,0.980504,51.2915,0.256168,0.154977,False
2021-12-31,4289,-16048,0.333387,False,False,False,True,0.666613,2895.32,0.989926,99.2605,0.105346,0.0441339,0.333387,1466.58,0.979919,49.7973,0.255084,0.156042,False
2022-01-31,4309,-16163,0.325,False,False,False,True,0.675,2946.69,0.98977,97.7511,0.106362,0.0441361,0.325,1439.08,0.979454,48.6708,0.256817,0.159046,False
2022-02-28,4328,-16258.1,0.327563,False,False,False,True,0.672437,2948.12,0.989775,97.8035,0.106414,0.0442292,0.327563,1456.04,0.979703,49.2683,0.25631,0.158271,False
2022-03-31,4351,-16377.6,0.330276,False,False,False,True,0.669724,2951.62,0.989832,98.3509,0.106496,0.0442776,0.330276,1475.19,0.980064,50.1596,0.256296,0.159783,False
2022-04-29,4371,-16483,0.332698,False,False,False,True,0.667302,2954.73,0.989853,98.5478,0.106572,0.0443986,0.332698,1492.68,0.980323,50.8196,0.255569,0.159785,False
2022-05-31,4392,-16558.6,0.326844,False,False,False,True,0.673156,2993.67,0.990142,101.444,0.107396,0.0442086,0.326844,1473.17,0.980379,50.9667,0.258854,0.159632,False
2022-06-30,4413,-16639.9,0.329669,False,False,False,True,0.670331,2994.93,0.990169,101.722,0.107432,0.044118,0.329669,1492.07,0.980686,51.7754,0.25955,0.15793,False
2022-07-29,4433,-16736.5,0.332493,False,False,False,True,0.667507,2995.4,0.990181,101.841,0.10746,0.0441859,0.332493,1510.74,0.980952,52.4991,0.259334,0.156295,False
2022-08-31,4456,-16860,0.335676,False,False,False,True,0.664324,2996,0.990183,101.867,0.107504,0.0443777,0.335676,1531.98,0.981228,53.2698,0.258251,0.155098,False
2022-09-30,4477,-16964,0.339001,False,False,False,True,0.660999,2994.96,0.99023,102.354,0.10746,0.04449,0.339001,1553.79,0.981598,54.3406,0.257837,0.155652,False
2022-10-31,4498,-17054.1,0.342569,False,False,False,True,0.657431,2993.24,0.990284,102.924,0.107383,0.0444706,0.342569,1577.4,0.981992,55.5318,0.258064,0.155675,False
2022-11-30,4519,-17148.2,0.345404,False,False,False,True,0.654596,2993.95,0.990312,103.225,0.107401,0.0445115,0.345404,1597.11,0.982271,56.4039,0.258301,0.154466,False
2022-12-30,4540,-17254.7,0.348135,False,False,False,True,0.651865,2994.84,0.990332,103.437,0.107432,0.0446551,0.348135,1616.28,0.98252,57.2075,0.25786,0.153665,False
2023-01-31,4560,-17358.4,0.350509,False,False,False,True,0.649491,2996.54,0.990344,103.563,0.107488,0.0448388,0.350509,1633.54,0.982723,57.8792,0.256976,0.15272,False
2023-02-28,4579,-17456.3,0.352829,False,False,False,True,0.647171,2998.04,0.990359,103.718,0.107531,0.045022,0.352829,1650.59,0.982924,58.562,0.255975,0.151887,False
2023-03-31,4602,-17572.6,0.355554,False,False,False,True,0.644446,3000.2,0.990385,104.003,0.107582,0.0452521,0.355554,1671.04,0.983173,59.4279,0.254872,0.151342,False
2023-04-28,4621,-17674.9,0.357916,False,False,False,True,0.642084,3002.11,0.99037,103.837,0.107628,0.0453612,0.357916,1689.29,0.983306,59.9027,0.25355,0.1511,False
2023-05-31,4643,-17793.8,0.363418,False,False,False,True,0.636582,2990.74,0.990322,103.329,0.10733,0.0445078,0.363418,1722.75,0.983628,61.0792,0.251547,0.155859,False
2023-06-30,4664,-17880.1,0.362737,False,False,False,True,0.637263,3008.45,0.99034,103.524,0.107279,0.0444647,0.362737,1728.4,0.983037,58.9513,0.251348,0.155492,False
2023-07-31,4684,-17955.4,0.358419,False,False,False,True,0.641581,3044.37,0.99038,103.954,0.107427,0.0454495,0.358419,1718.45,0.982787,58.094,0.25203,0.151394,False
2023-08-31,4707,-18071.5,0.354462,False,False,False,True,0.645538,3077.24,0.991133,112.78,0.107032,0.0461304,0.354462,1707.56,0.983858,61.9492,0.253589,0.152215,False
2023-09-29,4727,-18152.3,0.352037,False,False,False,True,0.647963,3099.31,0.991389,116.134,0.107092,0.0461862,0.352037,1700.84,0.984171,63.1769,0.253988,0.152853,False
2023-10-31,4749,-18271.2,0.35183,False,False,False,True,0.64817,3114.89,0.991202,113.658,0.107181,0.0463908,0.35183,1707.94,0.984369,63.9734,0.253502,0.152851,False
2023-11-30,4770,-18365.4,0.35053,False,False,False,True,0.64947,3135.39,0.991186,113.455,0.107435,0.0467745,0.35053,1709.84,0.983675,61.2559,0.253396,0.15303,False
2023-12-29,4790,-18420,0.349821,False,False,False,True,0.650179,3151.86,0.99118,113.384,0.107258,0.0466163,0.349821,1713.54,0.983613,61.0255,0.253198,0.153131,False
2024-01-31,4811,-18481,0.349039,False,False,False,True,0.650961,3169.51,0.991186,113.451,0.107145,0.0464484,0.349039,1717.37,0.983568,60.8551,0.25301,0.153359,False
2024-02-29,4831,-18548.8,0.348185,False,False,False,True,0.651815,3187.05,0.991199,113.629,0.107191,0.0463879,0.348185,1720.61,0.983531,60.7199,0.252853,0.153615,False
2024-03-28,4851,-18608.6,0.355398,False,False,False,True,0.644602,3165.1,0.990966,110.696,0.106447,0.0463305,0.355398,1762.55,0.983621,61.0547,0.25071,0.152955,False
2024-04-30,4873,-18705.1,0.353576,False,False,False,True,0.646424,3186.49,0.991201,113.648,0.106433,0.0465401,0.353576,1759.8,0.983921,62.1919,0.250869,0.153692,False
2024-05-31,4895,-18775.5,0.352827,False,False,False,True,0.647173,3203.21,0.991206,113.713,0.106464,0.0466134,0.352827,1762.71,0.983875,62.0164,0.250643,0.153874,False
2024-06-28,4914,-18823.4,0.352223,False,False,False,True,0.647777,3217.86,0.991198,113.611,0.10626,0.0464874,0.352223,1765.83,0.983818,61.7961,0.25045,0.154051,False
2024-07-31,4936,-18908.4,0.350485,False,False,False,True,0.649515,3240.31,0.991317,115.162,0.106151,0.0465892,0.350485,1764.61,0.983919,62.1836,0.250524,0.154435,False
2024-08-30,4958,-19063.3,0.354057,False,False,False,True,0.645943,3238.8,0.990921,110.143,0.106095,0.0466759,0.354057,1791.97,0.983939,62.261,0.249731,0.159883,False
2024-09-30,4978,-19157.2,0.35352,False,False,False,True,0.64648,3254.93,0.990955,110.562,0.106278,0.0466462,0.35352,1796.93,0.983466,60.4814,0.2495,0.160502,False
2024-10-31,5001,-19291.4,0.356077,False,False,False,True,0.643923,3258.11,0.990606,106.454,0.106297,0.0468048,0.356077,1818.96,0.983565,60.8466,0.24771,0.159488,False
2024-11-29,5021,-19375.2,0.355423,False,False,False,True,0.644577,3274.21,0.990617,106.577,0.106472,0.0468559,0.355423,1822.73,0.982989,58.7865,0.247396,0.159713,False
2024-12-31,5042,-19463,0.354861,False,False,False,True,0.645139,3290.7,0.990312,103.217,0.10645,0.046934,0.354861,1827.49,0.982393,56.7965,0.247102,0.160377,False
2025-01-31,5062,-19559.7,0.352286,False,False,False,True,0.647714,3317.17,0.990434,104.536,0.106861,0.0471308,0.352286,1822.1,0.982418,56.876,0.247352,0.160833,False
2025-02-28,5081,-19641.3,0.351278,False,False,False,True,0.648722,3335.42,0.990268,102.758,0.106937,0.0471565,0.351278,1824.51,0.982479,57.075,0.247233,0.161228,False
2025-03-31,5102,-19757.3,0.35442,False,False,False,True,0.64558,3333.16,0.990158,101.609,0.106916,0.0472673,0.35442,1848.06,0.982617,57.5261,0.246371,0.16147,False
2025-04-30,5123,-19785.6,0.347678,False,False,False,True,0.652322,3383.11,0.990466,104.892,0.107722,0.0461262,0.347678,1822.88,0.982665,57.6877,0.250924,0.165478,False
2025-05-30,5144,-19906.4,0.349865,False,False,False,True,0.650135,3386.41,0.990479,105.03,0.107761,0.0458754,0.349865,1842.28,0.982672,57.7115,0.251259,0.169254,False
2025-06-30,5164,-20001.9,0.34647,False,False,False,True,0.65353,3416.57,0.990673,107.213,0.108066,0.0460643,0.34647,1831.38,0.982413,56.8588,0.251813,0.170235,False
2025-07-31,5186,-20098,0.345108,False,False,False,True,0.654892,3438.16,0.990793,108.612,0.107856,0.0468201,0.345108,1832.09,0.982534,57.2555,0.251878,0.171003,False
2025-08-29,5207,-20176.6,0.343866,False,False,False,True,0.656134,3458.56,0.990873,109.562,0.107818,0.0469201,0.343866,1833.05,0.98259,57.4386,0.251877,0.171662,False
2025-09-30,5228,-20257.5,0.343113,False,False,False,True,0.656887,3476.88,0.990933,110.284,0.107603,0.0473555,0.343113,1836.96,0.982645,57.6219,0.251772,0.172276,False
2025-10-31,5251,-20380.3,0.342847,False,False,False,True,0.657153,3495.98,0.990715,107.705,0.107611,0.0478416,0.342847,1846.11,0.98221,56.2113,0.251274,0.172583,False
2025-11-28,5270,-20482,0.341974,False,False,False,True,0.658026,3514.09,0.990485,105.097,0.107806,0.0478795,0.341974,1849.07,0.981781,54.8863,0.251083,0.172965,False
2025-12-31,5292,-20557,0.340617,False,False,False,True,0.659383,3535.66,0.990526,105.554,0.107872,0.0478089,0.340617,1849.33,0.981666,54.5435,0.251064,0.173562,False
2026-01-30,5312,-20630.9,0.339613,False,False,False,True,0.660387,3554.69,0.990603,106.415,0.107753,0.0479726,0.339613,1851.33,0.981733,54.7447,0.251049,0.174221,False
2026-02-27,5331,-20724.9,0.336247,False,False,False,True,0.663753,3584.99,0.990834,109.099,0.107964,0.0481444,0.336247,1839.65,0.981913,55.2898,0.251732,0.175418,False
2026-03-31,5353,-20855.1,0.338384,False,False,False,True,0.661616,3588.22,0.990551,105.836,0.108012,0.0483036,0.338384,1858.55,0.982068,55.7678,0.250435,0.176912,False
2026-04-30,5374,-20973.2,0.338541,False,False,False,True,0.661459,3602.5,0.990566,105.994,0.108241,0.0485367,0.338541,1867.77,0.981574,54.2723,0.250179,0.177216,False
2026-05-29,5394,-21057,0.336703,False,False,False,True,0.663297,3625.99,0.990703,107.565,0.108223,0.0487958,0.336703,1864.98,0.981692,54.6197,0.250433,0.178201,False
2026-06-30,5415,-21170.8,0.333675,False,False,False,True,0.666325,3656.7,0.990848,109.263,0.108557,0.0490351,0.333675,1856.06,0.981739,54.7629,0.250923,0.179052,False
2026-07-31,5437,-21274.9,0.331224,False,False,False,True,0.668776,3684.49,0.990997,111.078,0.108792,0.0494355,0.331224,1849.88,0.981834,55.0494,0.25127,0.179912,False
