result_id,macro,raw_value,display_value,unit,rendered,source_artifact
primary_sharpe_diff,\primarySharpeDiff,0.0209655185418421,0.0209655185418421,sharpe_difference,0.021,outputs/inference/primary_inference_summary.csv
primary_ci_lower,\primaryCiLower,-0.0748040227350396,-0.0748040227350396,ci95_lower,\ensuremath{-}0.075,outputs/inference/primary_inference_summary.csv
primary_ci_upper,\primaryCiUpper,0.1147052243167773,0.1147052243167773,ci95_upper,0.115,outputs/inference/primary_inference_summary.csv
primary_p_value,\primaryPValue,0.3273,0.3273,p_value,0.327,outputs/inference/primary_inference_summary.csv
primary_bootstrap_sd,\primaryBootstrapSd,0.0479605238838408,0.0479605238838408,sharpe,0.048,outputs/inference/primary_inference_summary.csv
primary_sds_from_zero,\primarySdsFromZero,0.437141149513297,0.437141149513297,sharpe,0.437,outputs/inference/primary_inference_summary.csv
ci_width_multiple,\ciWidthMultiple,9.039091815144104,9.039091815144104,factor,9.0,outputs/inference/primary_inference_summary.csv
block_max_deviation,\blockMaxDeviation,0.004572759207868302,0.004572759207868302,sharpe_difference,0.005,outputs/inference/block_length_sensitivity.csv
vol_difference,\volDifference,-0.0017544903048056,-0.17544903048056001,pp,"\ensuremath{-}0.175\,pp",outputs/inference/secondary_metric_intervals.csv
vol_difference_magnitude,\volDifferenceMagnitude,0.0017544903048056,0.17544903048056001,pp,"0.175\,pp",outputs/inference/secondary_metric_intervals.csv
vol_ci_lower,\volCiLower,-0.0032716321014983,-0.32716321014982996,pp,"\ensuremath{-}0.327\,pp",outputs/inference/secondary_metric_intervals.csv
vol_ci_upper,\volCiUpper,-0.0003251418460497,-0.03251418460497,pp,"\ensuremath{-}0.033\,pp",outputs/inference/secondary_metric_intervals.csv
hac_annual_return_diff,\hacAnnualReturnDiff,3.140393591106442e-05,0.3140393591106442,bps,"0.314\,bps",outputs/inference/hac_mean_difference.csv
hac_standard_error,\hacStandardError,0.0036216010293093283,36.216010293093284,bps,"36.216\,bps",outputs/inference/hac_mean_difference.csv
hac_p_value,\hacPValue,0.9930814020083192,0.9930814020083192,p_value,0.993,outputs/inference/hac_mean_difference.csv
hac_sds_from_zero,\hacSdsFromZero,0.008671285339527,0.008671285339527,sharpe,0.009,outputs/inference/hac_mean_difference.csv
equal_weight_sharpe,\equalWeightSharpe,0.8565868167198655,0.8565868167198655,sharpe,0.857,outputs/performance/performance_summary.csv
static_minvar_sharpe,\staticMinvarSharpe,0.9097800155164056,0.9097800155164056,sharpe,0.910,outputs/performance/performance_summary.csv
ewma_scaled_sharpe,\ewmaScaledSharpe,0.944511697679595,0.944511697679595,sharpe,0.945,outputs/performance/performance_summary.csv
regime_sharpe,\regimeSharpe,0.9292400829835668,0.9292400829835668,sharpe,0.929,outputs/performance/performance_summary.csv
comparator_sharpe,\comparatorSharpe,0.9082745644417248,0.9082745644417248,sharpe,0.908,outputs/performance/performance_summary.csv
diff_at_zero_bps,\diffAtZeroBps,0.030629487827657398,0.030629487827657398,sharpe_difference,0.031,outputs/performance/performance_summary.csv
diff_at_twenty_bps,\diffAtTwentyBps,0.011246551124485804,0.011246551124485804,sharpe_difference,0.011,outputs/performance/performance_summary.csv
regime_half_turnover,\regimeHalfTurnover,0.541885535043826,54.1885535043826,%,54.19\%,outputs/backtests/turnover.parquet
comparator_half_turnover,\comparatorHalfTurnover,0.1693822270101275,16.93822270101275,%,16.94\%,outputs/backtests/turnover.parquet
regime_cost,\regimeCost,0.0010837710700876521,10.83771070087652,bps,"10.838\,bps",outputs/backtests/turnover.parquet
comparator_cost,\comparatorCost,0.000338764454020255,3.38764454020255,bps,"3.388\,bps",outputs/backtests/turnover.parquet
turnover_ratio,\turnoverRatio,3.199187686978671,3.199187686978671,factor,3.2,outputs/backtests/turnover.parquet
cost_hurdle,\costHurdle,0.0007450066160673971,7.450066160673971,bps,"7.450\,bps",outputs/backtests/turnover.parquet
three_state_diff,\threeStateDiff,-0.0284005287295657,-0.0284005287295657,sharpe_difference,\ensuremath{-}0.028,outputs/robustness/robustness_grid.csv
drop_rv_diff,\dropRvDiff,-0.0234795246873249,-0.0234795246873249,sharpe_difference,\ensuremath{-}0.023,outputs/robustness/robustness_grid.csv
cap30_diff,\capThirtyDiff,0.0503605354543732,0.0503605354543732,sharpe_difference,0.050,outputs/robustness/robustness_grid.csv
cap30_p,\capThirtyP,0.0111,0.0111,p_value,0.011,outputs/robustness/robustness_grid.csv
cap30_p_holm,\capThirtyPHolm,0.1332,0.1332,p_value,0.133,outputs/robustness/robustness_grid.csv
alt_seeds_diff,\altSeedsDiff,0.0204670113102301,0.0204670113102301,sharpe_difference,0.020,outputs/robustness/robustness_grid.csv
a2_accept_diff,\aTwoAcceptDiff,0.018054080609716,0.018054080609716,sharpe_difference,0.018,outputs/robustness/robustness_grid.csv
kappa_max_move,\kappaMaxMove,0.0018828484859316,0.0018828484859316,sharpe_difference,0.002,outputs/robustness/robustness_grid.csv
cap30_total_change,\capThirtyTotalChange,0.0293950169122246,0.0293950169122246,sharpe_difference,0.029,outputs/robustness/cap30_attribution.csv
cap30_cost_component,\capThirtyCostComponent,0.0078130261416835,0.0078130261416835,sharpe_difference,0.008,outputs/robustness/cap30_attribution.csv
cap30_gross_component,\capThirtyGrossComponent,0.0215819907705411,0.0215819907705411,sharpe_difference,0.022,outputs/robustness/cap30_attribution.csv
cap30_cost_share,\capThirtyCostShare,0.2657942386974543,26.579423869745426,%,26.6\%,outputs/robustness/cap30_attribution.csv
cap30_gross_share,\capThirtyGrossShare,0.7342057613025457,73.42057613025457,%,73.4\%,outputs/robustness/cap30_attribution.csv
n_specs_positive,\nSpecsPositive,11.0,11.0,count,11,outputs/robustness/robustness_grid.csv
n_sign_reversals,\nSignReversals,2.0,2.0,count,2,outputs/robustness/robustness_grid.csv
n_specs_containing_zero,\nSpecsContainingZero,12.0,12.0,count,12,outputs/robustness/robustness_grid.csv
n_secondary_metrics,\nSecondaryMetrics,5.0,5.0,count,5,outputs/inference/secondary_metric_intervals.csv
n_secondary_excluding_zero,\nSecondaryExcludingZero,1.0,1.0,count,1,outputs/inference/secondary_metric_intervals.csv
n_forecast_pairs_surviving_holm,\nForecastPairsSurvivingHolm,1.0,1.0,count,1,outputs/tables/forecast_comparisons.csv
pre2020_diff,\preTwentyTwentyDiff,0.1052017104697877,0.1052017104697877,sharpe_difference,0.105,outputs/robustness/subperiod_descriptive.csv
post2020_diff,\postTwentyTwentyDiff,-0.0756228536086354,-0.0756228536086354,sharpe_difference,\ensuremath{-}0.076,outputs/robustness/subperiod_descriptive.csv
covid_days,\covidDays,232.0,232.0,count,232,outputs/robustness/subperiod_descriptive.csv
tightening_days,\tighteningDays,460.0,460.0,count,460,outputs/robustness/subperiod_descriptive.csv
oos_years,\oosYears,16.55952380952381,16.55952380952381,years,16.6,outputs/performance/performance_summary.csv
ewma_mean_condition,\ewmaMeanCondition,116.26211,116.26211,count,116,outputs/covariance/conditioning_summary.csv
ewma_max_condition,\ewmaMaxCondition,504.86844,504.86844,count,505,outputs/covariance/conditioning_summary.csv
state1_condition,\stateOneCondition,61.425561,61.425561,condition_number,61.4,outputs/covariance/conditioning_summary.csv
state0_condition,\stateZeroCondition,36.846361,36.846361,condition_number,36.8,outputs/covariance/conditioning_summary.csv
between_state_max,\betweenStateMax,0.0015857198,0.15857198,%,0.16\%,outputs/covariance/covariance_audit.csv
three_state_mid_occupancy,\threeStateMidOccupancy,0.4537585619286169,45.37585619286169,%,45.4\%,outputs/robustness/hmm_diagnostics_by_spec.csv
three_state_min_neff,\threeStateMinNeff,486.5138614395545,486.5138614395545,count,487,outputs/robustness/hmm_diagnostics_by_spec.csv
equity_corr_min,\equityCorrMin,0.820724,0.820724,correlation,0.82,outputs/tables/correlation_matrix.csv
equity_corr_max,\equityCorrMax,0.919023,0.919023,correlation,0.92,outputs/tables/correlation_matrix.csv
a2_fallback_origins,\aTwoFallbackOrigins,4.0,4.0,count,4,outputs/covariance/covariance_audit.csv
argmax_tolerance_disagreements,\argmaxToleranceDisagreements,144.0,144.0,count,144,outputs/robustness/argmax_counterfactual.csv
refit_seed_changes,\refitSeedChanges,152.0,152.0,count,152,outputs/regimes/model_revision_stability.csv
reproduction_max_difference,\reproductionMaxDifference,1.4503620526795657e-11,1.4503620526795657e-11,scientific,\ensuremath{1.45 \times 10^{-11}},outputs/reproduction_comparison.json
reproduction_seed_disagreements,\reproductionSeedDisagreements,0.0,0.0,count,0,outputs/reproduction_comparison.json
